{
  "connectors": [],
  "whiteListedDomains": [
    "https://{{simprosubdomain}}.simprosuite.com",
    "https://{{simprosubdomain}}.simprocloud.com",
    "https://www.zohoapis.com",
    "https://app.syncezy.com",
    "https://www.zohoapis.com.au",
    "https://www.zohoapis.eu",
    "https://desk.zoho.com",
    "https://desk.zoho.eu",
    "https://desk.zoho.com.au"
  ],
  "cspDomains": {
    "connect-src": []
  },
  "storage": true,
  "secret": "439114f43fa52e04ba85",
  "locale": [
    "en"
  ],
  "type": "org",
  "modules": {
    "widgets": [
      {
        "name": "Desk Extension",
        "icon": "/app/img/icon.png",
        "logo": "/app/img/logo.png",
        "location": "desk.ticket.detail.rightpanel",
        "url": "/app/widget.html"
      }
    ],
    "events": []
  },
  "zohoAuthorisation": {
    "connectionLinkName": "zohodeskcon",
    "userAccess": false,
    "sharedBy": "776382380",
    "scope": [
      "Desk.tickets.ALL",
      "Desk.tickets.READ",
      "Desk.tickets.WRITE",
      "Desk.tickets.CREATE",
      "Desk.tickets.DELETE"
    ],
    "connectionName": "zohodeskcon",
    "type": "connectors",
    "serviceName": "zlabs_integration",
    "isUserDefinedService": false
  },
  "moduleSupport": true,
  "service": "DESK",
  "callbackListener": {
    "onUninstall": "https://www.zohoapis.com/crm/v2/functions/extensioninstallhook/actions/execute?auth_type=apikey&zapikey=1003.8e036d15b40dce906f1f3b81ec387cbf.42816d06138b49e1fb9d4fcaee519518",
    "onInstall": "https://www.zohoapis.com/crm/v2/functions/extensioninstallhook/actions/execute?auth_type=apikey&zapikey=1003.8e036d15b40dce906f1f3b81ec387cbf.42816d06138b49e1fb9d4fcaee519518",
    "onUpdate": "https://www.zohoapis.com/crm/v2/functions/extensioninstallhook/actions/execute?auth_type=apikey&zapikey=1003.8e036d15b40dce906f1f3b81ec387cbf.42816d06138b49e1fb9d4fcaee519518"
  },
  "config": [
    {
      "displayName": "Default Site ID",
      "name": "default_site_id",
      "type": "text",
      "secure": false,
      "value": "509",
      "mandatory": true,
      "userdefined": true
    },
    {
      "default": "syncezy",
      "displayName": "simproSubDomain",
      "name": "simprosubdomain",
      "type": "text",
      "secure": false,
      "value": "fredonairactuat",
      "mandatory": true,
      "userdefined": true
    },
    {
      "default": "simprosuite",
      "displayName": "simproDomain",
      "name": "simprodomain",
      "type": "text",
      "secure": false,
      "value": "simprosuite",
      "mandatory": true,
      "userdefined": true
    },
    {
      "displayName": "Multi Company [Yes/No]",
      "name": "multi_company",
      "type": "text",
      "secure": false,
      "value": "No",
      "mandatory": false,
      "userdefined": true
    },
    {
      "displayName": "SimPRO Companies (ID - Names) exp [2 - Sydney, 3 - Melbourne]",
      "name": "simpro_companies",
      "type": "text",
      "secure": false,
      "value": "0 - Fredon Air Pty Ltd",
      "mandatory": true,
      "userdefined": true
    },
    {
      "displayName": "SimPRO API Key - simPRO->Setup->API->Application [xxxxyyyy123xxxyyy]",
      "name": "simpro_api_key",
      "type": "text",
      "secure": false,
      "value": "e3c82c19183df290ea1c0f074ffb2a39eb60c45b",
      "mandatory": true,
      "userdefined": true
    },
    {
      "displayName": "Default Customer Type [Companies/Individuals]",
      "name": "default_customer_type",
      "type": "text",
      "secure": false,
      "value": "Companies",
      "mandatory": true,
      "userdefined": true
    },
    {
      "displayName": "Default Project Type [Service/Project]",
      "name": "default_project_type",
      "type": "text",
      "secure": false,
      "value": "Service",
      "mandatory": true,
      "userdefined": true
    },
    {
      "displayName": "Create Customer in simPRO if email not found [Yes/No]",
      "name": "Create_Customer_Check",
      "type": "text",
      "secure": false,
      "value": "Yes",
      "mandatory": true,
      "userdefined": true
    },
    {
      "displayName": "Default Customer Id",
      "name": "Default_Customer_Id",
      "type": "text",
      "secure": false,
      "value": "109",
      "mandatory": true,
      "userdefined": true
    }
    
  ]
}