{
  "admin_email": {
    "display_name" : "Admin Email", 
    "description": "Please enter the admin email",
    "type": "text",
    "required": true
  },  
  "freshdesk_subdomain": {
    "display_name" : "Freshdesk subdomain",
    "description": "___________.freshdesk.com (simPRO Domain Prefix)",
    "type": "text",
    "required": true
  },   
  "freshdesk_api_key": {
    "display_name" : "Freshdesk Api Key", 
    "description": "Please enter the Freshdesk api key here. To get this go to profile picture->Profile settings ->API key",
    "type": "text",
    "required": true
  },  
  "default_site_id": {
    "display_name" : "Default Site Id", 
    "description": "Please enter default site id.[2405,2406]",
    "type": "text",
    "required": true
  },
  "simpro_domain_prefix": {
    "display_name" : "SimPRO Domain Prefix", 
    "description": "___________.simprosuite.com (simPRO Domain Prefix)",
    "type": "text",  
    "required": true
  },
  "multi_company": {
    "display_name" : "Multi-Company", 
    "description": "Multi Company [Yes/No]",
    "type": "text", 
    "required": true
  },
  "simpro_companies": {
    "display_name" : "SimPRO Companies", 
    "description": "SimPRO Companies (ID - Names) exp [2 - Sydney, 3 - Melbourne]",
    "type": "text", 
    "required": true
  },
  "simpro_api_key": {
    "display_name" : "SimPRO API Key", 
    "description": "SimPRO API Key - simPRO->Setup->API->Application [xxxxyyyy123xxxyyy]",
    "type": "text", 
    "secure": true, 
    "required": true 
  },
  "simpro_customer_type": {
    "display_name" : "Default Customer Type", 
    "description": "Default Customer Type [Companies/Individuals]",
    "type": "text", 
    "required": true
  },
  "simpro_project_type": {
    "display_name" : "Default Project Type", 
    "description": "Default Project Type [Service/Project]",
    "type": "text", 
    "required": true
  },
  "default_customer_id": {
    "display_name" : "Default Customer Id", 
    "description": "Default Customer Id",
    "type": "text", 
    "required": true
  },
  "create_customer_check": {
    "display_name" : "Create Customer Check", 
    "description": "Create Customer in simPRO if email not found",
    "type": "checkbox", 
    "required": true
  }
}










