{


 "getSimproSite": {
    "schema": {
      "method": "GET",
      "protocol": "https",
      "host": "<%= iparam.simpro_domain_prefix %>.simprosuite.com",
      "path": "/api/v1.0/companies/<%= context.company_id %>/sites/<%= context.site_id %>",
      "headers": {
        "Authorization": "Bearer <%= iparam.simpro_api_key %>",
        "Accept": "application/json,charset=utf-8"
      }
    }
  },
  "getSimproContact": {
    "schema": {
      "method": "GET",
      "protocol": "https",
      "host": "<%= iparam.simpro_domain_prefix %>.simprosuite.com",
      "path": "/api/v1.0/companies/<%= context.company_id %>/customers/?Email=<%= context.email %>",
      "headers": {
        "Authorization": "Bearer <%= iparam.simpro_api_key %>",
        "Accept": "application/json,charset=utf-8"
      }
    }
  },
  "getSimproContactSite": {
    "schema": {
      "method": "GET",
      "protocol": "https",
      "host": "<%= iparam.simpro_domain_prefix %>.simprosuite.com",
      "path": "<%= context.link %>",
      "headers": {
        "Authorization": "Bearer <%= iparam.simpro_api_key %>",
        "Accept": "application/json,charset=utf-8"
      }
    }
  },
  "createSimproQuote": {
    "schema": {
      "method": "POST",
      "protocol": "https",
      "host": "<%= iparam.simpro_domain_prefix %>.simprosuite.com", 
      "path": "/api/v1.0/companies/<%= context.company_id %>/quotes/",
      "headers": {
        "Authorization": "Bearer <%= iparam.simpro_api_key %>",
        "Accept": "application/json,charset=utf-8",
        "Content-Type": "application/json"
      }
    }
  },
    "updateSimproDeskTicketId": {
    "schema": {
      "method": "PATCH",
      "protocol": "https",
      "host": "<%= iparam.simpro_domain_prefix %>.simprosuite.com", 
      "path": "/api/v1.0/companies/<%= context.company_id %>/<%= context.module %>/<%= context.simproquote_number %>/customFields/<%= context.ticket_field_ID %>",
      "headers": {
        "Authorization": "Bearer <%= iparam.simpro_api_key %>",
        "Accept": "application/json,charset=utf-8",
        "Content-Type": "application/json"
      }
    }
  },
   "createSimproNote": {
    "schema": {
      "method": "POST",
      "protocol": "https",
      "host": "<%= iparam.simpro_domain_prefix %>.simprosuite.com", 
      "path": "/api/v1.0/companies/<%= context.company_id %>/<%= context.module %>/<%= context.moduleID %>/notes/",
      "headers": {
        "Authorization": "Bearer <%= iparam.simpro_api_key %>",
        "Accept": "application/json,charset=utf-8",
        "Content-Type": "application/json"
      }
    }
  },
   "createSimproCustomer": {
    "schema": {
      "method": "POST",
      "protocol": "https",
      "host": "<%= iparam.simpro_domain_prefix %>.simprosuite.com", 
      "path": "/api/v1.0/companies/<%= context.company_id %>/customers/companies/",
      "headers": {
        "Authorization": "Bearer <%= iparam.simpro_api_key %>",
        "Accept": "application/json,charset=utf-8",
        "Content-Type": "application/json"
      }
    }
  },
  "updateFreshdeskTicekt": {
    "schema": {
      "method": "PUT",
      "protocol": "https",
      "host": "<%= iparam.freshdesk_subdomain %>.freshdesk.com", 
      "path": "/api/v2/tickets/<%= context.ticketID %>",
      "headers": {
        "Authorization": "Basic  <%= encode(iparam.freshdesk_api_key + ':X') %>",
        "Content-Type": "application/json"
      }
    }
  },
  "getFreshdeskTicket": {
    "schema": {
      "method": "GET",
      "protocol": "https",
      "host": "<%= iparam.freshdesk_subdomain %>.freshdesk.com", 
      "path": "/api/v2/tickets/<%= context.ticketID %>",
      "headers": {
        "Authorization": "Basic  <%= encode(iparam.freshdesk_api_key + ':X') %>",
        "Content-Type": "application/json"
      }
    }
  },
  "getSimproQuote": {
    "schema": {
      "method": "GET",
      "protocol": "https",
      "host": "<%= iparam.simpro_domain_prefix %>.simprosuite.com",
      "path": "/api/v1.0/companies/<%= context.company_id %>/quotes/<%= context.quote_id  %>",
      "headers": {
        "Authorization": "Bearer <%= iparam.simpro_api_key %>",
        "Accept": "application/json,charset=utf-8"
      }
    }
  }









}
