{
    "fields": [{ 
        "resourceName": "simPROQuoteNumber",
        "module": "tickets",
        "displayLabel": "Simpro Quote Number",
        "type": "Text",
        "maxLength": "100"
    },{ 
        "resourceName": "simPROJobNumber",
        "module": "tickets",
        "displayLabel": "Simpro Job Number",
        "type": "Text",
        "maxLength": "100"
    },{
        "resourceName": "simPROCompanyId",
        "module": "tickets",
        "displayLabel": "Simpro Company Id",
        "type": "Text",
        "maxLength": "100" 
    }]
} 